sigma,price
0.150300,1024.987600
0.150200,1025.019445
0.150500,1024.918560
0.150600,1024.891790
0.150800,1024.824878
0.150900,1024.793963
0.151200,1024.687035
0.151000,1024.758704
0.151500,1024.590181
0.151300,1024.656494
0.151600,1024.559879
0.151700,1024.523797
0.152000,1024.422211
0.152100,1024.387268
0.152200,1024.350542
0.152300,1024.317932
0.152500,1024.265125
0.152600,1024.229725
0.152900,1024.127366
0.152800,1024.160335
0.153200,1024.038921
0.153300,1024.001793
0.153500,1023.932117
0.153600,1023.902598
0.153800,1023.833662
0.153700,1023.871472
0.154200,1023.695473
0.154100,1023.731169
0.154400,1023.618636
0.154500,1023.583533
0.154800,1023.490892
0.154600,1023.551450
0.155000,1023.423489
0.154900,1023.455958
0.155400,1023.304972
0.155300,1023.332264
0.155600,1023.240108
0.155500,1023.270013
0.156000,1023.107485
0.155800,1023.173774
0.156100,1023.076765
0.156200,1023.046069
0.156500,1022.944545
0.156600,1022.918049
0.156900,1022.821765
0.156800,1022.852420
0.157200,1022.723480
0.157100,1022.759545
0.157400,1022.647686
0.157500,1022.616167
0.157700,1022.560048
0.157800,1022.526136
0.158100,1022.430401
0.157900,1022.493513
0.158200,1022.400059
0.158400,1022.330952
0.158500,1022.306210
0.158700,1022.243109
0.158800,1022.211939
0.158900,1022.186065
0.159100,1022.122126
0.159200,1022.088416
0.159400,1022.029191
0.159600,1021.978545
0.159700,1021.944098
0.159800,1021.909281
0.160200,1021.779196
0.160100,1021.807406
0.160300,1021.742445
0.160400,1021.701423
0.160800,1021.577249
0.160700,1021.613604
0.161000,1021.515538
0.160900,1021.543845
0.161300,1021.417112
0.161400,1021.387583
0.161700,1021.285836
0.161500,1021.350896
0.161800,1021.252114
0.162000,1021.191672
0.162100,1021.158195
0.162200,1021.127511
0.162500,1021.026178
0.162600,1020.989689
0.162700,1020.955665
0.162900,1020.885022
0.163100,1020.824517
0.163000,1020.855207
0.163400,1020.726350
0.163300,1020.756412
0.163600,1020.663288
0.163800,1020.603948
0.163900,1020.575011
0.164000,1020.544855
0.164400,1020.412204
0.164200,1020.484412
0.164700,1020.308441
0.164600,1020.340730
0.164900,1020.250400
0.165000,1020.223766
0.165100,1020.193817
0.165300,1020.127147
0.165500,1020.069162
0.165400,1020.098060
0.165700,1020.012538
0.165900,1019.950721
0.166000,1019.915631
0.166100,1019.877486
0.166500,1019.757933
0.166300,1019.824565
0.166700,1019.697378
0.166600,1019.727232
0.167100,1019.566955
0.167000,1019.598122
0.167200,1019.536873
0.167400,1019.476521
0.167700,1019.371445
0.167500,1019.445727
0.167900,1019.304657
0.168000,1019.269411
0.168100,1019.232356
0.168300,1019.164725
0.168600,1019.076931
0.168400,1019.132153
0.168800,1019.011920
0.168900,1018.978749
0.169000,1018.946315
0.169100,1018.912539
0.169300,1018.855969
0.169400,1018.820901
0.169700,1018.723631
0.169800,1018.689462
0.170100,1018.597493
0.170000,1018.628214
0.170200,1018.569012
0.170300,1018.543450
0.170600,1018.462973
0.170500,1018.487267
0.171000,1018.334766
0.170800,1018.398490
0.171300,1018.241309
0.171100,1018.308156
0.171400,1018.212569
0.171500,1018.184452
0.171800,1018.090418
0.171700,1018.116443
0.172100,1018.004480
0.172200,1017.970912
0.172400,1017.916378
0.172500,1017.892847
0.172800,1017.798243
0.172700,1017.825624
0.173000,1017.737533
0.173100,1017.704143
0.173200,1017.665548
0.173300,1017.633599
0.173700,1017.503131
0.173500,1017.569715
0.173800,1017.476809
0.174000,1017.425294
0.174300,1017.345886
0.174200,1017.373313
0.174600,1017.252403
0.174400,1017.314007
0.174900,1017.157978
0.174800,1017.187717
0.175000,1017.126157
0.175100,1017.094046
0.175400,1017.004629
0.175500,1016.971857
0.175800,1016.898508
0.175700,1016.926181
0.175900,1016.872771
0.176100,1016.813989
0.176400,1016.718819
0.176300,1016.750056
0.176600,1016.652613
0.176500,1016.686146
0.176900,1016.562618
0.177000,1016.531700
0.177100,1016.505192
0.177200,1016.475020
0.177500,1016.378079
0.177600,1016.351665
0.177700,1016.326476
0.177900,1016.272566
0.178100,1016.211031
0.178000,1016.245502
0.178300,1016.154149
0.178400,1016.124196
0.178600,1016.059132
0.178700,1016.026166
0.179000,1015.944734
0.179100,1015.923832
0.179300,1015.869442
0.179400,1015.833264
0.179700,1015.735857
0.179500,1015.797664
0.179900,1015.685525
0.179800,1015.713524
0.180100,1015.628942
0.180200,1015.601737
0.180400,1015.543781
0.180600,1015.492909
0.180800,1015.431346
0.180700,1015.463941
0.181100,1015.339695
0.181200,1015.310022
0.181400,1015.263903
0.181500,1015.235407
0.181700,1015.184855
0.181800,1015.153775
0.181900,1015.122878
0.182000,1015.087812
0.182300,1015.009647
0.182200,1015.033114
0.182600,1014.927385
0.182500,1014.960081
0.183000,1014.815648
0.182900,1014.843575
0.183100,1014.782984
0.183200,1014.745257
0.183600,1014.631109
0.183400,1014.682819
0.183700,1014.599663
0.183800,1014.568517
0.184100,1014.487257
0.184200,1014.454337
0.184400,1014.396359
0.184500,1014.373134
0.184700,1014.318210
0.184800,1014.289615
0.185000,1014.234284
0.184900,1014.259503
0.185400,1014.121481
0.185200,1014.170176
0.185700,1014.018908
0.185600,1014.056146
0.185800,1013.996451
0.185900,1013.970521
0.186100,1013.922646
0.186200,1013.898930
0.186500,1013.801328
0.186400,1013.835844
0.186900,1013.706276
0.186700,1013.757440
0.187200,1013.625437
0.187100,1013.660895
0.187300,1013.600392
0.187400,1013.570864
0.187800,1013.471097
0.187700,1013.496707
0.188100,1013.393684
0.187900,1013.449381
0.188300,1013.350805
0.188200,1013.373143
0.188700,1013.239540
0.188500,1013.294897
0.189000,1013.162268
0.188900,1013.189513
0.189100,1013.126901
0.189200,1013.100806
0.189400,1013.048092
0.189600,1012.998061
0.189900,1012.916157
0.189800,1012.938814
0.190100,1012.862857
0.190200,1012.844685
0.190300,1012.821482
0.190500,1012.765097
0.190600,1012.735806
0.190800,1012.683196
0.191000,1012.629190
0.191100,1012.600992
0.191300,1012.547145
0.191200,1012.573686
0.191700,1012.438274
0.191500,1012.488611
0.191900,1012.381895
0.191800,1012.410130
0.192300,1012.274034
0.192100,1012.325637
0.192500,1012.222665
0.192400,1012.248670
0.192900,1012.118173
0.192700,1012.179735
0.193200,1012.033746
0.193100,1012.059949
0.193400,1011.988635
0.193300,1012.011069
0.193600,1011.940090
0.193800,1011.890389
0.194000,1011.830966
0.193900,1011.863346
0.194400,1011.728859
0.194300,1011.763914
0.194700,1011.642175
0.194600,1011.670155
0.194900,1011.594723
0.194800,1011.618077
0.195100,1011.539467
0.195300,1011.484631
0.195600,1011.406215
0.195500,1011.438210
0.195800,1011.355991
0.195900,1011.332364
0.196000,1011.298533
0.196200,1011.247848
0.196500,1011.163070
0.196400,1011.191909
0.196600,1011.134173
0.196700,1011.106204
0.197000,1011.019449
0.197100,1011.002534
0.197300,1010.953366
0.197200,1010.977666
0.197600,1010.876180
0.197500,1010.900895
0.197900,1010.797104
0.197800,1010.823457
0.198300,1010.693083
0.198200,1010.716833
0.198400,1010.670011
0.198500,1010.637523
0.198700,1010.582791
0.198900,1010.522315
0.199000,1010.496257
0.199100,1010.466913
0.199400,1010.388650
0.199500,1010.372450
0.199700,1010.315651
0.199600,1010.342886
0.200100,1010.213351
0.199900,1010.269320
0.200200,1010.186803
0.200300,1010.153341
0.200500,1010.110862
0.200700,1010.054021
0.201000,1009.976630
0.200900,1010.006287
0.201300,1009.891756
0.201100,1009.948255
0.201600,1009.825700
0.201400,1009.869752
0.201700,1009.803884
0.201900,1009.755206
0.202100,1009.697965
0.202000,1009.726321
0.202400,1009.622854
0.202500,1009.592402
0.202600,1009.566931
0.202700,1009.539274
0.203000,1009.480363
0.202900,1009.498773
0.203300,1009.404514
0.203400,1009.377323
0.203600,1009.334497
0.203700,1009.309243
0.203800,1009.290926
0.203900,1009.262127
0.204200,1009.179795
0.204100,1009.204044
0.204600,1009.072935
0.204500,1009.098983
0.204700,1009.054792
0.204800,1009.032534
0.205200,1008.924269
0.205000,1008.979350
0.205300,1008.905624
0.205400,1008.871177
0.205700,1008.798624
0.205600,1008.818235
0.206100,1008.716556
0.206000,1008.737215
0.206400,1008.639307
0.206200,1008.696016
0.206700,1008.562159
0.206600,1008.580196
0.206900,1008.512346
0.206800,1008.534924
0.207300,1008.448306
0.207100,1008.487223
0.207600,1008.370573
0.207500,1008.397895
0.207800,1008.318230
0.207700,1008.340657
0.208200,1008.230478
0.208000,1008.262962
0.208500,1008.155208
0.208400,1008.177704
0.208700,1008.120953
0.208600,1008.134529
0.209100,1008.022736
0.209000,1008.054743
0.209300,1007.982544
0.209400,1007.961510
0.209600,1007.913463
0.209700,1007.886639
0.210000,1007.830395
0.209800,1007.865365
0.210300,1007.771692
0.210100,1007.808228
0.210600,1007.686171
0.210500,1007.712854
0.210800,1007.638713
0.210900,1007.621114
0.211000,1007.599237
0.211200,1007.548357
0.211300,1007.519013
0.211400,1007.495001
0.211600,1007.448361
0.211800,1007.399179
0.212000,1007.350476
0.212100,1007.327782
0.212200,1007.296405
0.212400,1007.244434
0.212500,1007.224001
0.212600,1007.201240
0.212900,1007.130956
0.212800,1007.146951
0.213200,1007.055914
0.213100,1007.086430
0.213500,1006.981418
0.213600,1006.955619
0.213800,1006.903296
0.213900,1006.879019
0.214100,1006.843310
0.214000,1006.863121
0.214500,1006.734566
0.214400,1006.765819
0.214700,1006.688453
0.214600,1006.712755
0.214900,1006.651086
0.215000,1006.637224
0.215400,1006.555292
0.215200,1006.598277
0.215600,1006.497259
0.215500,1006.528306
0.215900,1006.427374
0.216000,1006.413706
0.216100,1006.380837
0.216300,1006.329435
0.216500,1006.276708
0.216400,1006.299549
0.216700,1006.225281
0.216900,1006.193846
0.217100,1006.154450
0.217000,1006.174418
0.217300,1006.119242
0.217400,1006.089400
0.217800,1006.010398
0.217700,1006.024797
0.217900,1005.987179
0.218000,1005.966763
0.218400,1005.871613
0.218300,1005.893612
0.218500,1005.841733
0.218700,1005.791616
0.219000,1005.722353
0.218900,1005.736444
0.219200,1005.673629
0.219300,1005.660700
0.219500,1005.621280
0.219400,1005.642887
0.219800,1005.551820
0.219700,1005.576396
0.220200,1005.453552
0.220000,1005.508196
0.220300,1005.423496
0.220400,1005.396612
0.220700,1005.339713
0.220600,1005.358600
0.221000,1005.265143
0.220900,1005.291685
0.221300,1005.204642
0.221200,1005.216601
0.221700,1005.130335
0.221500,1005.167484
0.222000,1005.077211
0.221900,1005.089478
0.222200,1005.034360
0.222300,1005.007486
0.222600,1004.932035
0.222500,1004.957083
0.222800,1004.881354
0.222700,1004.901775
0.223200,1004.789693
0.223100,1004.810372
0.223500,1004.743027
0.223400,1004.754689
0.223600,1004.721169
0.223800,1004.675868
0.224000,1004.635037
0.223900,1004.646270
0.224300,1004.567172
0.224200,1004.587584
0.224700,1004.478371
0.224500,1004.521410
0.225000,1004.405361
0.224900,1004.423168
0.225100,1004.381026
0.225300,1004.319764
0.225500,1004.287340
0.225400,1004.297723
0.225900,1004.194205
0.225700,1004.238724
0.226200,1004.111379
0.226100,1004.142470
0.226300,1004.085835
0.226400,1004.068331
0.226800,1003.974034
0.226600,1004.027354
0.227000,1003.940259
0.226900,1003.950758
0.227300,1003.867052
0.227400,1003.855578
0.227600,1003.811551
0.227500,1003.827694
0.228000,1003.725592
0.227900,1003.753472
0.228200,1003.688156
0.228300,1003.676904
0.228600,1003.589247
0.228400,1003.648075
0.228700,1003.558928
0.228800,1003.546078
0.229000,1003.493386
0.229200,1003.442235
0.229300,1003.414727
0.229400,1003.397516
0.229800,1003.306195
0.229700,1003.324318
0.230000,1003.259236
0.230100,1003.241392
0.230200,1003.222087
0.230400,1003.175883
0.230600,1003.130825
0.230700,1003.113982
0.230800,1003.094274
0.231000,1003.044187
0.231200,1003.004532
0.231300,1002.987307
0.231500,1002.953792
0.231600,1002.931484
0.231700,1002.902947
0.231800,1002.883440
0.232200,1002.799192
0.232100,1002.820555
0.232300,1002.782570
0.232500,1002.732947
0.232600,1002.710320
0.232800,1002.665193
0.232900,1002.651332
0.233100,1002.614874
0.233200,1002.583823
0.233400,1002.537478
0.233500,1002.519128
0.233700,1002.464334
0.234000,1002.404651
0.233900,1002.427454
0.234100,1002.390897
0.234300,1002.342198
0.234600,1002.277763
0.234400,1002.317722
0.234700,1002.262123
0.234800,1002.248389
0.235000,1002.215298
0.235200,1002.160896
0.235400,1002.120741
0.235300,1002.141598
0.235700,1002.059993
0.235800,1002.048775
0.236100,1001.994309
0.236000,1002.013951
0.236300,1001.945180
0.236200,1001.965189
0.236700,1001.860893
0.236600,1001.878629
0.237000,1001.803015
0.236900,1001.819840
0.237200,1001.764434
0.237100,1001.782962
0.237400,1001.724066
0.237600,1001.673185
0.237700,1001.651172
0.237900,1001.611017
0.238200,1001.546276
0.238100,1001.565671
0.238500,1001.478201
0.238400,1001.501780
0.238800,1001.402719
0.238600,1001.453956
0.239100,1001.333673
0.239000,1001.354645
0.239400,1001.258217
0.239200,1001.303824
0.239600,1001.252997
0.239700,1001.232088
0.239900,1001.184810
0.239800,1001.209359
0.240300,1001.100710
0.240100,1001.146184
0.240400,1001.080653
0.240500,1001.064951
0.240800,1000.999191
0.240900,1000.979016
0.241000,1000.955677
0.241200,1000.919751
0.241300,1000.891452
0.241400,1000.883487
0.241700,1000.815128
0.241600,1000.834033
0.241900,1000.787279
0.242000,1000.768068
0.242300,1000.712401
0.242400,1000.688113
0.242600,1000.643939
0.242500,1000.667366
0.242900,1000.585678
0.243000,1000.561898
0.243200,1000.530336
0.243100,1000.551859
0.243500,1000.464004
0.243400,1000.489997
0.243800,1000.383854
0.243900,1000.371258
0.244000,1000.353001
0.244200,1000.335966
0.244300,1000.313740
0.244500,1000.274044
0.244600,1000.242841
0.244800,1000.210400
0.245000,1000.174029
0.245100,1000.148058
0.245300,1000.105896
0.245400,1000.079138
0.245500,1000.055971
0.245600,1000.029940
0.245900,999.972242
0.246000,999.949094
0.246200,999.902167
0.246300,999.876981
0.246500,999.838414
0.246400,999.860480
0.246800,999.786248
0.246700,999.801137
0.247000,999.750845
0.247100,999.730361
0.247400,999.672971
0.247300,999.683065
0.247700,999.607079
0.247800,999.586861
0.248100,999.522404
0.247900,999.571557
0.248200,999.493353
0.248300,999.477113
0.248500,999.427879
0.248700,999.379668
0.248800,999.362915
0.248900,999.342407
0.249100,999.303198
0.249200,999.282176
0.249600,999.209599
0.249400,999.248392
0.249700,999.188227
0.249900,999.166417
0.250000,999.151437
0.250100,999.124785
0.250400,999.079472
0.250500,999.067749
0.250800,998.997276
0.250600,999.041985
0.250900,998.977424
0.251100,998.927963
0.251300,998.882740
0.251200,998.907427
0.251500,998.842002
0.251700,998.795957
0.251900,998.760913
0.252000,998.739134
0.252200,998.699240
0.252300,998.678394
0.252400,998.652293
0.252500,998.629150
0.252700,998.578211
0.252900,998.525677
0.253000,998.499570
0.253200,998.452282
0.253300,998.438035
0.253500,998.404271
0.253700,998.366320
0.253800,998.348469
0.253900,998.342543
0.254000,998.315503
0.254200,998.288573
0.254400,998.250322
0.254700,998.193582
0.254500,998.233222
0.254900,998.161096
0.254800,998.178019
0.255100,998.114557
0.255300,998.064769
0.255400,998.045590
0.255500,998.034505
0.255800,997.996892
0.255900,997.978753
0.256100,997.942127
0.256000,997.959467
0.256400,997.896082
0.256500,997.886192
0.256700,997.840708
0.256600,997.869111
0.257100,997.761379
0.256900,997.802620
0.257400,997.700475
0.257300,997.722785
0.257600,997.655369
0.257500,997.683303
0.257800,997.617069
0.257900,997.601652
0.258100,997.565957
0.258200,997.552501
0.258500,997.483341
0.258400,997.504556
0.258800,997.405576
0.258700,997.430021
0.259000,997.369620
0.259200,997.342671
0.259400,997.299769
0.259300,997.325797
0.259800,997.225540
0.259600,997.261476
0.260000,997.188818
0.260100,997.164481
0.260200,997.145823
0.260300,997.123982
0.260500,997.085359
0.260600,997.060887
0.260800,997.020912
0.260900,997.010223
0.261200,996.953480
0.261300,996.931375
0.261500,996.896951
0.261400,996.910795
0.261800,996.843822
0.261900,996.824605
0.262200,996.778793
0.262000,996.799401
0.262400,996.745983
0.262500,996.722880
0.262600,996.708339
0.262700,996.680485
0.262900,996.640161
0.263100,996.610933
0.263200,996.586556
0.263400,996.548573
0.263700,996.485452
0.263500,996.523823
0.263800,996.462620
0.264000,996.431787
0.264100,996.410983
0.264300,996.369995
0.264400,996.363486
0.264600,996.331145
0.264800,996.307754
0.264700,996.326924
0.265000,996.270181
0.265200,996.230346
0.265500,996.156729
0.265400,996.187419
0.265800,996.120171
0.265700,996.136790
0.266100,996.071143
0.265900,996.108068
0.266300,996.028927
0.266200,996.043216
0.266500,995.995206
0.266600,995.988957
0.266900,995.942057
0.266800,995.946420
0.267200,995.902652
0.267100,995.911261
0.267600,995.821944
0.267400,995.867804
0.267800,995.787972
0.267900,995.770405
0.268100,995.714217
0.268000,995.741639
0.268300,995.660600
0.268400,995.642221
0.268700,995.596356
0.268600,995.611603
0.268900,995.551930
0.269100,995.500677
0.269300,995.460343
0.269400,995.444407
0.269500,995.433410
0.269700,995.398808
0.269800,995.389201
0.269900,995.366582
0.270200,995.295928
0.270300,995.279813
0.270600,995.248397
0.270500,995.266705
0.270700,995.232505
0.270800,995.210552
0.271100,995.173327
0.271200,995.162165
0.271300,995.150391
0.271400,995.133919
0.271800,995.073950
0.271700,995.090127
0.271900,995.056550
0.272000,995.032872
0.272200,994.996647
0.272300,994.974461
0.272700,994.914469
0.272600,994.922673
0.272900,994.879219
0.272800,994.898250
0.273100,994.835833
0.273300,994.783019
0.273500,994.759587
0.273400,994.760801
0.273900,994.693055
0.273800,994.712075
0.274100,994.658170
0.274200,994.636671
0.274500,994.577755
0.274300,994.617095
0.274800,994.531188
0.274600,994.558676
0.274900,994.513879
0.275100,994.473416
0.275200,994.464028
0.275400,994.431816
0.275500,994.418089
0.275600,994.399823
0.275800,994.372005
0.276000,994.344137
0.276200,994.297044
0.276300,994.280237
0.276500,994.239161
0.276400,994.266436
0.276700,994.216125
0.276800,994.207893
0.277200,994.148680
0.277000,994.177621
0.277500,994.106401
0.277400,994.116185
0.277700,994.075923
0.277800,994.065477
0.278000,994.039089
0.278100,994.015904
0.278400,993.955831
0.278200,994.003946
0.278700,993.902396
0.278600,993.920467
0.279000,993.860246
0.278800,993.879979
0.279300,993.812900
0.279100,993.841004
0.279500,993.765021
0.279600,993.742848
0.279700,993.738365
0.279800,993.723039
0.280000,993.706643
0.280100,993.694402
0.280400,993.634211
0.280500,993.622168
0.280600,993.601795
0.280800,993.567682
0.281100,993.519271
0.281000,993.536484
0.281400,993.479247
0.281300,993.488814
0.281500,993.468886
0.281700,993.432990
0.281900,993.401812
0.282000,993.380431
0.282200,993.357873
0.282300,993.340493
0.282600,993.278216
0.282400,993.319936
0.282800,993.237837
0.282900,993.214691
0.283000,993.204077
0.283200,993.161143
0.283300,993.140536
0.283500,993.100886
0.283700,993.089012
0.283600,993.105528
0.284000,993.049339
0.284100,993.041068
0.284300,993.001541
0.284400,992.984129
0.284500,992.965395
0.284700,992.940144
0.285000,992.883414
0.284800,992.923762
0.285200,992.845430
0.285300,992.832164
0.285400,992.802049
0.285500,992.777675
0.285700,992.745124
0.285900,992.705903
0.286000,992.685224
0.286100,992.669126
0.286500,992.612071
0.286300,992.646967
0.286600,992.592508
0.286800,992.550379
0.287000,992.522952
0.287100,992.509434
0.287200,992.497726
0.287300,992.478742
0.287600,992.420868
0.287700,992.408291
0.287800,992.392601
0.288000,992.362504
0.288300,992.313111
0.288100,992.330132
0.288400,992.293528
0.288500,992.275088
0.288800,992.253619
0.288700,992.272611
0.289200,992.177720
0.289100,992.199806
0.289500,992.157527
0.289300,992.166933
0.289800,992.100192
0.289600,992.144132
0.289900,992.088539
0.290000,992.078860
0.290400,992.019040
0.290200,992.056586
0.290600,991.994100
0.290500,992.005984
0.290800,991.960365
0.291000,991.913012
0.291100,991.898487
0.291300,991.879490
0.291500,991.852570
0.291600,991.830755
0.291800,991.799450
0.291700,991.814326
0.292200,991.743193
0.292100,991.757476
0.292300,991.739535
0.292500,991.714160
0.292800,991.662301
0.292600,991.705607
0.292900,991.649905
0.293100,991.624400
0.293200,991.597305
0.293300,991.588870
0.293500,991.557335
0.293700,991.527802
0.294000,991.478188
0.293900,991.500553
0.294200,991.439079
0.294100,991.458220
0.294500,991.404842
0.294400,991.410724
0.294700,991.371508
0.294800,991.348966
0.295100,991.299265
0.295200,991.286290
0.295500,991.241776
0.295300,991.264893
0.295700,991.217805
0.295600,991.228303
0.296100,991.153025
0.296000,991.167759
0.296200,991.138306
0.296400,991.103576
0.296500,991.094989
0.296700,991.084016
0.296900,991.047851
0.296800,991.067030
0.297200,991.018406
0.297300,991.005761
0.297600,990.946866
0.297400,990.986395
0.297700,990.924755
0.297800,990.910476
0.298000,990.868026
0.298200,990.843732
0.298400,990.808256
0.298500,990.803982
0.298600,990.787749
0.298700,990.774021
0.299100,990.728020
0.299000,990.738207
0.299200,990.708438
0.299300,990.690502
0.299500,990.648202
0.299700,990.618674
0.299900,990.577989
0.299800,990.596547
0.300200,990.516168
0.300300,990.503178
0.300400,990.483000
0.300500,990.476897
0.300800,990.441819
0.300700,990.450742
0.301000,990.400072
0.301100,990.387606
0.301500,990.319351
0.301400,990.346596
0.301600,990.303557
0.301800,990.270106
0.302100,990.206835
0.301900,990.245019
0.302300,990.167659
0.302400,990.149505
0.302700,990.093875
0.302600,990.114829
0.303000,990.039796
0.302800,990.080478
0.303300,989.996868
0.303100,990.031226
0.303400,989.973528
0.303600,989.949171
0.303900,989.914093
0.303700,989.939315
0.304200,989.861223
0.304000,989.900602
0.304300,989.850336
0.304400,989.846527
0.304600,989.808036
0.304700,989.798858
0.305100,989.731259
0.305000,989.747797
0.305400,989.668531
0.305300,989.685039
0.305500,989.651539
0.305600,989.631270
0.306000,989.584793
0.305900,989.603754
0.306200,989.562028
0.306100,989.571187
0.306500,989.504918
0.306400,989.523479
0.306900,989.443453
0.306800,989.453704
0.307000,989.424674
0.307100,989.408624
0.307400,989.370341
0.307500,989.356552
0.307700,989.321766
0.307600,989.341184
0.307900,989.276476
0.308100,989.241609
0.308200,989.219308
0.308300,989.200233
0.308500,989.167515
0.308700,989.133776
0.308900,989.087876
0.309000,989.059077
0.309100,989.037157
0.309200,989.032137
0.309400,989.016363
0.309500,988.994782
0.309700,988.972555
0.309800,988.951848
0.310200,988.918078
0.310100,988.934580
0.310400,988.887224
0.310300,988.906848
0.310600,988.850823
0.310800,988.827255
0.310900,988.803456
0.311000,988.799070
0.311200,988.760200
0.311300,988.746792
0.311600,988.714235
0.311500,988.716368
0.311900,988.697646
0.311800,988.701688
0.312200,988.648728
0.312100,988.663990
0.312600,988.577152
0.312500,988.590896
0.312800,988.542440
0.312900,988.515697
0.313200,988.477091
0.313000,988.510695
0.313300,988.474150
0.313400,988.467177
0.313800,988.395898
0.313600,988.427870
0.314100,988.351734
0.314000,988.352352
0.314200,988.335619
0.314300,988.328542
0.314500,988.300836
0.314600,988.296967
0.315000,988.238160
0.314800,988.268699
0.315300,988.203184
0.315100,988.238278
0.315400,988.182002
0.315600,988.164368
0.315900,988.111934
0.315700,988.151307
0.316200,988.057913
0.316000,988.093252
0.316400,988.027664
0.316300,988.040632
0.316800,987.968852
0.316700,987.984610
0.317100,987.920793
0.316900,987.953676
0.317300,987.898800
0.317200,987.908142
0.317600,987.869615
0.317500,987.887521
0.317800,987.863287
0.318000,987.832323
0.318300,987.794667
0.318100,987.825403
0.318400,987.779170
0.318500,987.754567
0.318900,987.686214
0.318700,987.720984
0.319100,987.676685
0.319200,987.664629
0.319400,987.636963
0.319500,987.630299
0.319700,987.605515
0.319800,987.585596
0.320000,987.566970
0.319900,987.577317
0.320400,987.508058
0.320300,987.527390
0.320600,987.482841
0.320500,987.499034
0.321000,987.419245
0.320800,987.441616
0.321200,987.378797
0.321100,987.397540
0.321400,987.339114
0.321600,987.291620
0.321700,987.266671
0.321800,987.255678
0.322000,987.210588
0.322100,987.205646
0.322300,987.173467
0.322400,987.157765
0.322600,987.127514
0.322800,987.105071
0.323100,987.054654
0.322900,987.088901
0.323300,987.033063
0.323400,987.016724
0.323500,986.994090
0.323700,986.970684
0.323800,986.947553
0.324000,986.923481
0.324100,986.913343
0.324300,986.883984
0.324500,986.848355
0.324400,986.863011
0.324700,986.810781
0.324800,986.792573
0.325100,986.733953
0.325200,986.719271
0.325400,986.669607
0.325500,986.656199
0.325800,986.629249
0.325700,986.638870
0.326100,986.583531
0.325900,986.614776
0.326200,986.571182
0.326400,986.524709
0.326700,986.492199
0.326600,986.504665
0.326800,986.483213
0.326900,986.462436
0.327200,986.412035
0.327100,986.430762
0.327400,986.386813
0.327500,986.371707
0.327800,986.328110
0.327900,986.315279
0.328200,986.272773
0.328100,986.291196
0.328300,986.251425
0.328500,986.240117
0.328700,986.219336
0.328800,986.200312
0.329000,986.202889
0.328900,986.198648
0.329200,986.171006
0.329300,986.150511
0.329600,986.099914
0.329700,986.084871
0.329900,986.048945
0.330000,986.027697
0.330100,986.006840
0.330300,985.972323
0.330500,985.946814
0.330600,985.943047
0.330900,985.888507
0.330700,985.922414
0.331000,985.895106
0.331100,985.882147
0.331400,985.849688
0.331300,985.867631
0.331800,985.800407
0.331600,985.818828
0.332100,985.765385
0.332000,985.776375
0.332300,985.727910
0.332400,985.719980
0.332700,985.687479
0.332600,985.694823
0.333000,985.650174
0.332800,985.674069
0.333300,985.602020
0.333100,985.641689
0.333600,985.555286
0.333400,985.581223
0.333700,985.550215
0.333900,985.548420
0.334200,985.528714
0.334000,985.545297
0.334300,985.513235
0.334500,985.471699
0.334800,985.424620
0.334700,985.438031
0.334900,985.402272
0.335000,985.384562
0.335300,985.356067
0.335200,985.370334
0.335600,985.316126
0.335500,985.318711
0.335900,985.282167
0.335800,985.296428
0.336200,985.235653
0.336300,985.219065
0.336600,985.161676
0.336400,985.200676
0.336700,985.151942
0.336800,985.128464
0.337100,985.092414
0.337200,985.086486
0.337300,985.067042
0.337500,985.037235
0.337800,985.007170
0.337600,985.026113
0.337900,984.988543
0.338100,984.949523
0.338400,984.904998
0.338200,984.935433
0.338700,984.867748
0.338500,984.892528
0.338800,984.860575
0.339000,984.823062
0.339100,984.796561
0.339300,984.757709
0.339400,984.730899
0.339500,984.719216
0.339800,984.673793
0.339700,984.675467
0.340200,984.607664
0.340100,984.620723
0.340300,984.582285
0.340500,984.546107
0.340800,984.492887
0.340700,984.507625
0.341100,984.442269
0.340900,984.474922
0.341400,984.385787
0.341200,984.424587
0.341700,984.333212
0.341500,984.365494
0.341800,984.322714
0.341900,984.299708
0.342100,984.269576
0.342300,984.233648
0.342400,984.210853
0.342600,984.185138
0.342900,984.143077
0.342700,984.170596
0.343200,984.107830
0.343000,984.124855
0.343300,984.085383
0.343500,984.050314
0.343800,983.992983
0.343700,984.013482
0.344100,983.962900
0.344000,983.980270
0.344300,983.920014
0.344400,983.904486
0.344600,983.877861
0.344500,983.889500
0.345000,983.820805
0.344900,983.832717
0.345300,983.762423
0.345200,983.777061
0.345600,983.712273
0.345500,983.728559
0.345900,983.652936
0.345800,983.663817
0.346200,983.592721
0.346100,983.609639
0.346300,983.575957
0.346500,983.552782
0.346600,983.543924
0.346700,983.548445
0.346900,983.521655
0.347100,983.502151
0.347200,983.488595
0.347400,983.483333
0.347700,983.442091
0.347600,983.458062
0.347800,983.422600
0.347900,983.400155
0.348100,983.362740
0.348300,983.331162
0.348600,983.329578
0.348500,983.333782
0.348900,983.267830
0.348800,983.280572
0.349100,983.250559
0.349200,983.227200
0.349500,983.180240
0.349300,983.210099
0.349600,983.172507
0.349800,983.144808
0.350000,983.109001
0.349900,983.121699
0.350300,983.085221
0.350200,983.105492
0.350500,983.060745
0.350700,983.049753
0.351000,982.989595
0.350900,983.009504
0.351300,982.933764
0.351100,982.968920
0.351500,982.899351
0.351600,982.892112
0.351900,982.860554
0.351800,982.873994
0.352000,982.855886
0.352200,982.837219
0.352300,982.825044
0.352500,982.806300
0.352800,982.746212
0.352700,982.766110
0.352900,982.736920
0.353100,982.703314
0.353200,982.691942
0.353400,982.648528
0.353500,982.644405
0.353600,982.618541
0.353900,982.587128
0.354000,982.576903
0.354300,982.536260
0.354200,982.547931
0.354500,982.507293
0.354600,982.496165
0.354700,982.487019
0.354800,982.475687
0.355000,982.466763
0.355200,982.460341
0.355300,982.443187
0.355500,982.418410
0.355700,982.399087
0.355800,982.386071
0.356100,982.358349
0.355900,982.380109
0.356400,982.296619
0.356200,982.335288
0.356500,982.279818
0.356600,982.265293
0.356800,982.245635
0.357000,982.219836
0.357200,982.180148
0.357100,982.195804
0.357600,982.148978
0.357500,982.159482
0.357800,982.110437
0.357700,982.131029
0.358200,982.036756
0.358100,982.051253
0.358300,982.027455
0.358500,981.998005
0.358600,981.970534
0.358700,981.956508
0.359000,981.917315
0.358900,981.930479
0.359300,981.883845
0.359400,981.878847
0.359600,981.866557
0.359500,981.876176
0.359800,981.854273
0.360000,981.848779
0.360100,981.833911
0.360200,981.822940
0.360400,981.788056
0.360500,981.784551
0.360900,981.728396
0.360700,981.760067
0.361100,981.708045
0.361200,981.708633
0.361300,981.698387
0.361500,981.672971
0.361700,981.664067
0.361600,981.672389
0.362000,981.618265
0.362100,981.594283
0.362200,981.585361
0.362400,981.569440
0.362700,981.548172
0.362600,981.553496
0.363000,981.514773
0.362900,981.528780
0.363200,981.490380
0.363300,981.477793
0.363400,981.469269
0.363500,981.460504
0.363800,981.425164
0.363700,981.434232
0.364000,981.391875
0.364200,981.379447
0.364300,981.360118
0.364500,981.338435
0.364800,981.279844
0.364600,981.315328
0.364900,981.259738
0.365100,981.225345
0.365300,981.187060
0.365200,981.201123
0.365500,981.163881
0.365600,981.149643
0.366000,981.088402
0.365900,981.101444
0.366300,981.039813
0.366200,981.059225
0.366600,981.001804
0.366500,981.021585
0.366900,980.959591
0.366700,980.981999
0.367200,980.926297
0.367000,980.951999
0.367400,980.924126
0.367500,980.915607
0.367800,980.873174
0.367700,980.893248
0.368100,980.855776
0.368000,980.852608
0.368400,980.794033
0.368200,980.828602
0.368500,980.781743
0.368700,980.750592
0.368900,980.710637
0.368800,980.728116
0.369100,980.681582
0.369200,980.660480
0.369600,980.612309
0.369400,980.637915
0.369700,980.614290
0.369800,980.598291
0.370000,980.575120
0.370200,980.541119
0.370300,980.521260
0.370500,980.504773
0.370600,980.498877
0.370800,980.462219
0.371000,980.430678
0.370900,980.452016
0.371200,980.429627
0.371300,980.415732
0.371600,980.388237
0.371500,980.398184
0.371900,980.332064
0.371800,980.351822
0.372200,980.310191
0.372300,980.298072
0.372500,980.293935
0.372600,980.281909
0.372700,980.265799
0.372900,980.232576
0.373100,980.223565
0.373200,980.213799
0.373400,980.184652
0.373500,980.158878
0.373700,980.162041
0.373800,980.149363
0.374000,980.111547
0.373900,980.134118
0.374400,980.049871
0.374200,980.079920
0.374600,980.031876
0.374500,980.044423
0.374900,980.000038
0.375000,979.982022
0.375200,979.976591
0.375300,979.969742
0.375400,979.966502
0.375500,979.959572
0.375700,979.957884
0.375800,979.936580
0.376000,979.902744
0.376200,979.870728
0.376500,979.832085
0.376400,979.854732
0.376800,979.786545
0.376700,979.806304
0.376900,979.762183
0.377100,979.743756
0.377200,979.725830
0.377300,979.717090
0.377700,979.696373
0.377600,979.705580
0.378000,979.642157
0.377800,979.674890
0.378300,979.588407
0.378200,979.597760
0.378600,979.561056
0.378400,979.581286
0.378700,979.535354
0.378900,979.505571
0.379000,979.487097
0.379100,979.478399
0.379500,979.398838
0.379400,979.422848
0.379600,979.410056
0.379700,979.383151
0.380000,979.341480
0.380100,979.328598
0.380400,979.287857
0.380200,979.324312
0.380600,979.265247
0.380500,979.277980
0.381000,979.212272
0.380800,979.234004
0.381100,979.201621
0.381200,979.183940
0.381600,979.138436
0.381400,979.157817
0.381700,979.119345
0.381800,979.117116
0.382100,979.075356
0.382000,979.083521
0.382500,979.022344
0.382300,979.055019
0.382600,979.000289
0.382700,978.982720
0.383100,978.970994
0.383000,978.953077
0.383300,978.949859
0.383200,978.957230
0.383700,978.918859
0.383500,978.935810
0.383900,978.902009
0.383800,978.917468
0.384100,978.898791
0.384300,978.892835
0.384400,978.887442
0.384500,978.879312
0.384800,978.825594
0.384900,978.819564
0.385100,978.786856
0.385200,978.773242
0.385300,978.753864
0.385400,978.733950
0.385600,978.702181
0.385800,978.677660
0.386000,978.667200
0.386100,978.648364
0.386200,978.629756
0.386400,978.615032
0.386500,978.622787
0.386700,978.599042
0.387000,978.596877
0.386900,978.622952
0.387100,978.576863
0.387300,978.577021
0.387600,978.552037
0.387400,978.560953
0.387900,978.504973
0.387800,978.514272
0.388000,978.486754
0.388100,978.484335
0.388400,978.435808
0.388500,978.441113
0.388600,978.421976
0.388700,978.407939
0.389000,978.364037
0.389100,978.350349
0.389200,978.338710
0.389400,978.318192
0.389500,978.303783
0.389700,978.270199
0.390000,978.220213
0.389900,978.235686
0.390300,978.180178
0.390200,978.197064
0.390500,978.141425
0.390600,978.137222
0.390800,978.112840
0.390900,978.116756
0.391000,978.110614
0.391100,978.097773
0.391400,978.076117
0.391500,978.054241
0.391800,978.021141
0.391700,978.034612
0.392000,977.996738
0.391900,977.999790
0.392200,977.967135
0.392400,977.921272
0.392600,977.920738
0.392500,977.921557
0.392900,977.873224
0.392800,977.899436
0.393300,977.786850
0.393200,977.810918
0.393600,977.763279
0.393500,977.776007
0.393700,977.746789
0.393800,977.729817
0.394100,977.692301
0.394000,977.704486
0.394400,977.676765
0.394300,977.671798
0.394800,977.639815
0.394700,977.650037
0.394900,977.615668
0.395100,977.591396
0.395300,977.547542
0.395200,977.566805
0.395500,977.537600
0.395700,977.504583
0.395800,977.493156
0.396000,977.489073
0.396300,977.466403
0.396100,977.487789
0.396600,977.426501
0.396400,977.462112
0.396900,977.406574
0.396800,977.408493
0.397100,977.380105
0.397200,977.389572
0.397400,977.358353
0.397500,977.343790
0.397800,977.304303
0.397600,977.336804
0.398100,977.276059
0.397900,977.304577
0.398200,977.265307
0.398400,977.244498
0.398700,977.188334
0.398600,977.205692
0.398800,977.181438
0.399000,977.157126
0.399100,977.146756
0.399300,977.116130
0.399600,977.083392
0.399400,977.107672
0.399800,977.057860
0.399700,977.066934
0.400100,977.037408
0.400000,977.029277
0.400300,976.995807
0.400400,976.998762
0.400600,976.975152
0.400800,976.937396
0.400900,976.931981
0.401100,976.902805
0.401400,976.860114
0.401300,976.872767
0.401700,976.815599
0.401600,976.822684
0.401900,976.777116
0.401800,976.797135
0.402200,976.752082
0.402100,976.767190
0.402400,976.730839
0.402500,976.721647
0.402900,976.683534
0.402800,976.686677
0.403000,976.660614
0.403100,976.666962
0.403500,976.630411
0.403300,976.646545
0.403700,976.608589
0.403600,976.623258
0.404100,976.543497
0.404000,976.558492
0.404200,976.520490
0.404400,976.483878
0.404600,976.451895
0.404700,976.446189
0.405000,976.447063
0.404900,976.461528
0.405300,976.419372
0.405100,976.445277
0.405500,976.401988
0.405400,976.410099
0.405800,976.355986
0.405900,976.345126
0.406200,976.291608
0.406100,976.306789
0.406400,976.272663
0.406300,976.282444
0.406700,976.235588
0.406800,976.224958
0.407000,976.185898
0.406900,976.203970
0.407300,976.140743
0.407400,976.141869
0.407500,976.134862
0.407700,976.114492
0.408000,976.076392
0.407800,976.100431
0.408300,976.024242
0.408200,976.045366
0.408600,975.988014
0.408500,976.008951
0.408900,975.977501
0.408700,975.989285
0.409100,975.966002
0.409000,975.967991
0.409300,975.942875
0.409400,975.928114
0.409800,975.886902
0.409700,975.899770
0.410000,975.861447
0.409900,975.873073
0.410400,975.823943
0.410200,975.842155
0.410500,975.809738
0.410700,975.815032
0.410900,975.800021
0.411000,975.796103
0.411100,975.771645
0.411300,975.743044
0.411500,975.720951
0.411400,975.728570
0.411800,975.702482
0.411700,975.712009
0.412000,975.670119
0.412100,975.656830
0.412300,975.641595
0.412500,975.625046
0.412600,975.616568
0.412800,975.582248
0.413100,975.580600
0.413000,975.554773
0.413200,975.568300
0.413300,975.557853
0.413500,975.536239
0.413600,975.521645
0.413800,975.495859
0.413900,975.484550
0.414300,975.472105
0.414100,975.467789
0.414400,975.456127
0.414500,975.438351
0.414800,975.429129
0.414900,975.411459
0.415100,975.389326
0.415200,975.368327
0.415500,975.351401
0.415400,975.359193
0.415800,975.308811
0.415700,975.320213
0.416100,975.298660
0.415900,975.308268
0.416300,975.275591
0.416400,975.255934
0.416500,975.242146
0.416600,975.216115
0.417000,975.140911
0.416800,975.182212
0.417300,975.086749
0.417200,975.106652
0.417400,975.079077
0.417500,975.059294
0.417800,975.006328
0.417900,974.989035
0.418100,974.965565
0.418000,974.979089
0.418500,974.910647
0.418400,974.928007
0.418700,974.870756
0.418800,974.848922
0.419000,974.833605
0.418900,974.842151
0.419400,974.765618
0.419200,974.804294
0.419700,974.712150
0.419600,974.726523
0.420000,974.681302
0.419900,974.689964
0.420100,974.670095
0.420200,974.651354
0.420500,974.629191
0.420600,974.618132
0.420900,974.560246
0.420700,974.604438
0.421200,974.520428
0.421000,974.543800
0.421400,974.503803
0.421500,974.484871
0.421800,974.481189
0.421600,974.489413
0.422100,974.442950
0.421900,974.471630
0.422200,974.440205
0.422300,974.431564
0.422600,974.414547
0.422500,974.423833
0.423000,974.370117
0.422800,974.392082
0.423200,974.343112
0.423100,974.352956
0.423500,974.323258
0.423600,974.305112
0.423900,974.257367
0.423800,974.265669
0.424100,974.236921
0.424200,974.219478
0.424500,974.198576
0.424400,974.210932
0.424800,974.156947
0.424600,974.187450
0.425000,974.137097
0.424900,974.151190
0.425400,974.107910
0.425200,974.117623
0.425500,974.092409
0.425700,974.078518
0.425800,974.065930
0.425900,974.043326
0.426100,974.040007
0.426300,974.021160
0.426600,973.979490
0.426400,974.010294
0.426900,973.944111
0.426700,973.968066
0.427000,973.925309
0.427100,973.916501
0.427500,973.848643
0.427300,973.878661
0.427700,973.820509
0.427800,973.803907
0.427900,973.782088
0.428000,973.769474
0.428200,973.769251
0.428400,973.746620
0.428500,973.737189
0.428700,973.713587
0.428900,973.680375
0.429000,973.671405
0.429300,973.650969
0.429100,973.662965
0.429400,973.640025
0.429600,973.637193
0.429800,973.621837
0.429700,973.632699
0.430100,973.561267
0.430000,973.576515
0.430400,973.541367
0.430300,973.546946
0.430700,973.496718
0.430600,973.511656
0.430900,973.467805
0.431000,973.447842
0.431200,973.415728
0.431400,973.398703
0.431700,973.345821
0.431600,973.357807
0.431800,973.324855
0.432000,973.289111
0.432200,973.281711
0.432300,973.273269
0.432400,973.253620
0.432500,973.246025
0.432800,973.189309
0.432900,973.176843
0.433100,973.155104
0.433000,973.173355
0.433500,973.097095
0.433300,973.128159
0.433800,973.054199
0.433600,973.087884
0.434100,973.028478
0.434000,973.031226
0.434300,973.008931
0.434200,973.021217
0.434500,973.000899
0.434700,972.984601
0.435000,972.944429
0.434800,972.975765
0.435200,972.909115
0.435300,972.892292
0.435400,972.875593
0.435600,972.828451
0.435900,972.780768
0.435700,972.809678
0.436100,972.763088
0.436000,972.766292
0.436400,972.710301
0.436300,972.717797
0.436800,972.639183
0.436700,972.655442
0.437100,972.617587
0.437000,972.636198
0.437200,972.607875
0.437300,972.619076
0.437600,972.588033
0.437500,972.602155
0.438000,972.549837
0.437800,972.563997
0.438200,972.530725
0.438300,972.517001
0.438400,972.513332
0.438500,972.512812
0.438700,972.486129
0.438900,972.470976
0.439200,972.431030
0.439000,972.464824
0.439400,972.397582
0.439500,972.373061
0.439800,972.331844
0.439700,972.337636
0.439900,972.319861
0.440000,972.316063
0.440300,972.280540
0.440200,972.295949
0.440700,972.244548
0.440500,972.262826
0.441000,972.245002
0.440800,972.231708
0.441100,972.257761
0.441300,972.212931
0.441500,972.177169
0.441600,972.160196
0.441800,972.140468
0.441900,972.132489
0.442000,972.111340
0.442200,972.105709
0.442300,972.084059
0.442400,972.062767
0.442600,972.056684
0.442700,972.033266
0.443100,971.999016
0.442900,972.029011
0.443200,971.985095
0.443400,971.970956
0.443500,971.957721
0.443700,971.927994
0.443900,971.905522
0.443800,971.908029
0.444100,971.879931
0.444300,971.845902
0.444500,971.823387
0.444600,971.806826
0.444700,971.789534
0.444800,971.788715
0.445100,971.763826
0.445200,971.753027
0.445400,971.721750
0.445500,971.710025
0.445600,971.690407
0.445800,971.651173
0.446000,971.627883
0.445900,971.650309
0.446400,971.625413
0.446200,971.641979
0.446500,971.618061
0.446600,971.605500
0.447000,971.584245
0.446800,971.601737
0.447100,971.565884
0.447200,971.557728
0.447600,971.501562
0.447400,971.532723
0.447800,971.489345
0.447900,971.471712
0.448100,971.449097
0.448200,971.428053
0.448500,971.383096
0.448300,971.413712
0.448700,971.366057
0.448800,971.361097
0.449100,971.312952
0.449000,971.336123
0.449300,971.298352
0.449400,971.295571
0.449700,971.245592
0.449600,971.260984
0.449900,971.237526
0.450000,971.225802
